,title,price,image
0,Canon EOS M50 Mark II Mirrorless Camera EF-M15-45mm is STM Lens,"₹57,890",https://rukminim1.flixcart.com/image/312/312/knyxqq80/dslr-camera/r/y/x/digital-camera-eos-m50-mark-ii-eos-m50-mark-ii-canon-original-imag2gzkexzqhyhu.jpeg?q=70
1,Canon EOS 200D II DSLR Camera EF-S18-55mm IS STM,"₹56,499",https://rukminim1.flixcart.com/image/312/312/juwzf680/dslr-camera/g/a/q/200d-ii-200d-ii-canon-original-imaffvrhzyqzayys.jpeg?q=70
2,Canon EOS 1500D DSLR Camera Body+ 18-55 mm IS II Lens,"₹39,995",https://rukminim1.flixcart.com/image/312/312/kk01pjk0/dslr-camera/f/v/o/eos-1500d-canon-original-imafzfugydh2mjgf.jpeg?q=70
3,"Canon EOS 3000D DSLR Camera 1 Camera Body, 18 - 55 mm Lens","₹31,499",https://rukminim1.flixcart.com/image/312/312/jfbfde80/camera/n/r/n/canon-eos-eos-3000d-dslr-original-imaf3t5h9yuyc5zu.jpeg?q=70
4,SONY Alpha Full Frame ILCE-7M2K/BQ IN5 Mirrorless Camera Body with 28 - 70 mm Lens,"₹85,999",https://rukminim1.flixcart.com/image/312/312/l5jxt3k0/dslr-camera/m/n/a/-original-imagg7hsggshhwbz.jpeg?q=70
5,Canon EOS R10 Mirrorless Camera Body with RF-S 18 - 150 mm f/3.5 - 6.3 IS STM Lens Kit,"₹1,17,995",https://rukminim1.flixcart.com/image/312/312/l5fnhjk0/dslr-camera/f/t/m/eos-r10-24-2-r10-canon-original-imagg42fsbgv79da.jpeg?q=70
6,SONY Alpha ILCE-6400M Mirrorless Camera with 18-135mm Zoom Lens,"₹1,02,990",https://rukminim1.flixcart.com/image/312/312/kw9krrk0/dslr-camera/u/0/f/-original-imag8z5wh87ggcgy.jpeg?q=70
7,Canon EOS 90D DSLR Camera Body with Single Lens 18 - 135 mm IS USM,"₹1,24,990",https://rukminim1.flixcart.com/image/312/312/k1jlyfk0/dslr-camera/b/c/a/90d-eos-90d-canon-original-imafh3b6jvmzyesh.jpeg?q=70
8,SONY ILCE-7CL/SQ IN5 Mirrorless Camera Mirrorless,"₹1,73,290",https://rukminim1.flixcart.com/image/312/312/kw9krrk0/dslr-camera/s/k/y/-original-imag8z5wgnmpqfvy.jpeg?q=70
9,GoPro Hero9 Sports and Action Camera,"₹36,999",https://rukminim1.flixcart.com/image/312/312/kf75fgw0/sports-action-camera/n/x/f/hero-9-hero-chdhx-901-gopro-original-imafvzw4qhgprxhh.jpeg?q=70
10,FUJIFILM Instax Treasure Box Mini 11 Instant Camera,"₹6,499",https://rukminim1.flixcart.com/image/312/312/kp2y2kw0/instant-camera/3/z/r/treasure-box-mini-11-instax-mini-11-fujifilm-original-imag3efzmkzvretx.jpeg?q=70
11,SONY ILCE-6100L/B IN5 Mirrorless Camera With 16-50 mm Power Zoom Lens,"₹66,990",https://rukminim1.flixcart.com/image/312/312/k3q76a80/camera/a/9/y/sony-apsc-ilce-6100l-b-in5-mirrorless-original-imafm6msv5uzrmgt.jpeg?q=70
12,FUJIFILM X Series X-E4 Mirrorless Camera Body with XF 27 mm F2.8 R WR Prime Lens,"₹89,999",https://rukminim1.flixcart.com/image/312/312/kmds4nk0/dslr-camera/l/r/f/x-e4-x-e4-fujifilm-original-imagfazttxmjtpdx.jpeg?q=70
13,SONY CyberShot DSC-WX500/BCIN5,"₹23,227",https://rukminim1.flixcart.com/image/312/312/camera/g/c/k/sony-cyber-shot-dsc-wx500-bce32-point-shoot-original-imae9taryrpchqdp.jpeg?q=70
14,FUJIFILM X Series X-S10 Mirrorless Camera Body with XF 16 - 80 mm Lens,"₹1,29,500",https://rukminim1.flixcart.com/image/312/312/khuvxjk0/dslr-camera/n/8/r/x-s10-x-s10-fujifilm-original-imafxsdjbgey4dqh.jpeg?q=70
15,Insta360 One X2 Sports and Action Camera,"₹38,999",https://rukminim1.flixcart.com/image/312/312/kll7bm80/sports-action-camera/w/y/2/one-x2-one-cinosxx-a-insta360-original-imagyzbbyhcw8hh5.jpeg?q=70
16,SJCAM SJ6 Legend SJ6 Legend Sports and Action Camera,"₹10,929",https://rukminim1.flixcart.com/image/312/312/kl6wx3k0/sports-action-camera/h/i/k/sjcam-sj6-legend-sj6-legend-sj6-legend-sjcam-original-imagydf2xefhbfjw.jpeg?q=70
17,SIOVS WIFI SECURITY CAMERA HD Spy IP Camera Hidden Wireless CCTV Security with Microphone Security Cam...,"₹1,299",https://rukminim1.flixcart.com/image/312/312/kwnv6a80/home-security-camera/d/a/j/1-ccdy85-indoor-outdoor-security-camera-ctrzq-original-imag9afzpnmp2vzy.jpeg?q=70
18,SJCAM SJ 4000 Air 4K Full HD WiFi 30M Waterproof Sports Action Camera Waterproof DV Camcorder 16MP Spo...,"₹5,042",https://rukminim1.flixcart.com/image/312/312/koudfgw0/sports-action-camera/k/l/3/4000-air-4k-full-hd-wifi-30m-waterproof-sports-action-camera-original-imag37azyptu4zak.jpeg?q=70
19,FUJIFILM X Series X-T4 Mirrorless Camera Body Only,"₹1,24,000",https://rukminim1.flixcart.com/image/312/312/kamtsi80/dslr-camera/z/w/d/x-t4-26-mp-x-t4-fujifilm-original-imafs5jxrx4eyxhb.jpeg?q=70
20,SONY ILCE-7M4/BQ IN5 Mirrorless Camera Body Only,"₹2,13,490",https://rukminim1.flixcart.com/image/312/312/l08gsy80/dslr-camera/s/e/b/-original-imagc2cz2hyqgwmn.jpeg?q=70
21,DMG 4K Wifi Waterproof Helmet 2 inch LCD Display Ultra-HD 12MP 170Â° Wide Angle Lens Full HD Sports an...,"₹1,762",https://rukminim1.flixcart.com/image/312/312/jl41nrk0/sports-action-camera/n/a/g/waterproof-helmet-2-inch-lcd-display-ultra-hd-12mp-170-wide-original-imaf8b9jucxgtyrb.jpeg?q=70
22,GoPro HERO8 Black Sports and Action Camera,"₹30,990",https://rukminim1.flixcart.com/image/312/312/k547l3k0/sports-action-camera/z/9/a/hero8-black-with-3-way-grip-and-battery-na-chdhx-801-rw-gopro-original-imafhw4zpbrtemru.jpeg?q=70
23,Canon EOS M50 Mark II Vlogger Kit Mirrorless Camera EF-M 15-45mm Lens,"₹69,999",https://rukminim1.flixcart.com/image/312/312/kr2e3680/dslr-camera/j/1/n/eos-m50-mark-ii-vlogger-kit-eos-m50-mark-ii-vlogger-kit-canon-original-imag4xzzrhfeycuu.jpeg?q=70
